Annual Distance (miles/vehicle),2020.0
LDVs,9710.628208533
HDVs,38559.427058511
aircraft,1491400.677005728
rail,21330.820476304
ships,0.0
motorbikes,0.0
