Annual Distance (miles/vehicle),2020.0
LDVs,10759.631464543
HDVs,19231.289419207
aircraft,1302967.221541674
rail,202069.647058824
ships,196.624764895
motorbikes,2121.317695487
