Annual Distance (miles/vehicle),2020.0
LDVs,10728.499173686
HDVs,19477.144978882
aircraft,1648530.928127607
rail,149961.166666667
ships,196.229847443
motorbikes,2114.686483605
