Annual Distance (miles/vehicle),2020.0
LDVs,9682.103753253
HDVs,39052.466532396
aircraft,1602279.379068953
rail,21603.845753815
ships,0.0
motorbikes,0.0
