Annual Distance (miles/vehicle),2020.0
LDVs,9418.258583688
HDVs,39615.371050746
aircraft,1272128.48618496
rail,21135.757330506
ships,0.0
motorbikes,0.0
