Annual Distance (miles/vehicle),2020.0
LDVs,10795.102443273
HDVs,10781.824989076
aircraft,1629131.590255666
rail,149961.166666667
ships,184.466649696
motorbikes,1835.157906766
