Unit: dimensionless (ratio of electricity demand in this hour to annual demand),Hour0,Hour1,Hour2,Hour3,Hour4,Hour5,Hour6,Hour7,Hour8,Hour9,Hour10,Hour11,Hour12,Hour13,Hour14,Hour15,Hour16,Hour17,Hour18,Hour19,Hour20,Hour21,Hour22,Hour23
Winter,0,0,0,0,0,0.0,0.0,0.1144480153360397,0.4088774244474514,0.5068673883626522,0.49879341452413173,0.48358987370320267,0.4764518493459631,0.4913565629228687,0.49504961659900776,0.43860791610284167,0.19718369418132609,0.010447677041046455,0.0,0,0,0,0,0
Spring,0,0,0,0,0,0.010571718538565629,0.19813055245043237,0.490722627522504,0.6221061069600515,0.6684929693475317,0.6704822909925282,0.666047684885568,0.6598186444666707,0.6607599870565396,0.6621205212684592,0.6409734070718363,0.5565467435429783,0.2738681826204624,0.021621462611049008,0,0,0,0,0
Summer,0,0,0,0,0,0.02924045419779962,0.2792330999588161,0.502989498146732,0.5857835206212859,0.6130567158910393,0.6213339118667999,0.6320527151850328,0.6351157557215981,0.6314276048714474,0.6220178560922515,0.5999735247396601,0.5330021474377831,0.37083014649644047,0.09094619638759777,0,0,0,0,0
Fall,0,0,0,0,0,0.0,0.0691175491914195,0.3820681470307682,0.5553417334013621,0.5841966325783624,0.5789114665365246,0.5691286408305419,0.5668271257126376,0.573082810177688,0.5654905831983853,0.5174915148960713,0.31749262405998346,0.055158721355841954,0.0,0,0,0,0,0
Summer Peak,0,0,0,0,0,0.0,0.14614343707713126,0.3068335588633288,0.38734776725304465,0.2618403247631935,0.27503382949932337,0.5294316644113667,0.6133288227334235,0.6464817320703653,0.6332882273342354,0.6133288227334235,0.5277401894451962,0.3125845737483085,0.019282814614343707,0,0,0,0,0
Winter Peak,0,0,0,0,0,0.0,0.0,0.03585926928281461,0.35757780784844384,0.47530446549391064,0.45703653585926923,0.47225981055480376,0.4468876860622462,0.45331529093369416,0.3900541271989174,0.2865358592692828,0.09269282814614342,0.0,0.0,0,0,0,0,0
