solar pv,Hour0,Hour1,Hour2,Hour3,Hour4,Hour5,Hour6,Hour7,Hour8,Hour9,Hour10,Hour11,Hour12,Hour13,Hour14,Hour15,Hour16,Hour17,Hour18,Hour19,Hour20,Hour21,Hour22,Hour23
Winter,0,0,0,0,0.0,0.0,0.00010717688777253732,0.13274888907168592,0.47518157127606053,0.5899080310163961,0.5826879458909372,0.5648024554503662,0.5546435935329633,0.5686521936921911,0.5748358707355764,0.5063716873690957,0.22051876188218703,0.011278241580701929,0.0,0,0,0,0,0
Spring,0,0,0,0,3.683416213706605e-07,0.02427960631426846,0.2639612884280325,0.5964840024105876,0.7283257292131156,0.7581438780070082,0.7624807848772585,0.7610386221891285,0.7555927439373948,0.7514907337811165,0.7485197955036039,0.7321184902681378,0.6586894828074331,0.33840854999090036,0.03504433757859439,0,0,0,0,0
Summer,0,0,0,0,1.3354651888118534e-06,0.0560982184538251,0.37315751932244273,0.6167098670465636,0.6886832053548582,0.7155919385992915,0.725235555305233,0.7313404674827381,0.7243629957374933,0.717554571627399,0.7046650511356668,0.6811334867762076,0.6203685965088451,0.4493151482891991,0.12326510625882009,0,0,0,0,0
Fall,0,0,0,0,0.0,1.8094458664803227e-05,0.09426149518107614,0.48487935160557377,0.6577953158377079,0.6842456050459311,0.6835830145398241,0.6767510866072878,0.6724032580197821,0.6707970573666376,0.6636746657555348,0.6278021633675799,0.3916470184418887,0.06977564516289608,0.0,0,0,0,0,0
Summer Peak,0,0,0,0,0.0,0.0005325167440387264,0.23215309509433746,0.5034897404273062,0.596675329572774,0.5336592345077549,0.5469479478021759,0.6900545611706194,0.7107452572071786,0.6916956809545205,0.7135918012571311,0.6469787976391959,0.5075755961724762,0.2772330580078704,0.03993391474159503,0,0,0,0,0
Winter Peak,0,0,0,0,0.0,0.0,0.0,0.02797165224596146,0.467365740936243,0.605244008090488,0.5818568409045691,0.5621149928846607,0.542610356868915,0.5629089269394093,0.5291957759804484,0.36826437487063596,0.08984525684195203,0.0,0.0,0,0,0,0,0
