solar pv,Hour0,Hour1,Hour2,Hour3,Hour4,Hour5,Hour6,Hour7,Hour8,Hour9,Hour10,Hour11,Hour12,Hour13,Hour14,Hour15,Hour16,Hour17,Hour18,Hour19,Hour20,Hour21,Hour22,Hour23
Winter,0,0,0,0,0.0,0.0,0.00010934751374283761,0.1354374182138929,0.48480530154717044,0.6018552867991023,0.5944889751447079,0.5762412544616964,0.5658766477240725,0.580168960462991,0.5864778739287178,0.5166271030475288,0.22498487170705725,0.011506656909633184,0.0,0,0,0,0,0
Spring,0,0,0,0,3.758015495875213e-07,0.024771334942611058,0.26930722858102346,0.6085644396523271,0.7430763230727087,0.7734983711727248,0.7779231123035044,0.7764517418649974,0.7708955696402814,0.7667104825262681,0.7636793745991662,0.7469458979428759,0.672029751660732,0.3452622514040341,0.03575408154337071,0,0,0,0,0
Summer,0,0,0,0,1.3625120221498315e-06,0.05723436125843688,0.3807149826831364,0.6291999335279933,0.7026309293643993,0.7300846382693705,0.7399235646666512,0.7461521180619066,0.7390333333741793,0.7320870199999224,0.7189364513614718,0.6949283082751807,0.6329327622980097,0.4584150125416091,0.12576156278445713,0,0,0,0,0
Fall,0,0,0,0,0.0,1.846092108699731e-05,0.0961705490236697,0.4946994885299743,0.6711174753571139,0.6981034554766012,0.6974274456952183,0.6904571524816426,0.6860212684388741,0.6843825378165946,0.6771158982382013,0.6405168792763726,0.39957894487760365,0.07118879337640345,0.0,0,0,0,0,0
Summer Peak,0,0,0,0,0.0,0.0005433016688322452,0.2368548320804574,0.5136867887748074,0.60875964171437,0.5444672978671943,0.558025144057599,0.7040300588971444,0.7251397982843173,0.7057044158583637,0.7280439926595296,0.6600818929946961,0.5178553943065749,0.2828477879001471,0.04074268605633809,0,0,0,0,0
Winter Peak,0,0,0,0,0.0,0.0,0.0,0.028538154931933745,0.47683117920366014,0.6175018594764888,0.5936410380025928,0.5734993634071573,0.5535997050096564,0.5743093768043254,0.539913442061164,0.3757227386339793,0.09166486974416034,0.0,0.0,0,0,0,0,0
