Unit: dimensionless (ratio of electricity demand in this hour to annual demand),Hour0,Hour1,Hour2,Hour3,Hour4,Hour5,Hour6,Hour7,Hour8,Hour9,Hour10,Hour11,Hour12,Hour13,Hour14,Hour15,Hour16,Hour17,Hour18,Hour19,Hour20,Hour21,Hour22,Hour23
Winter,0,0,0,0,0,0.0,0.013307068701658603,0.18827449642221955,0.3963296728295486,0.4393628241717335,0.4335401414567567,0.41722401455929187,0.4166661496463581,0.5266637713529388,0.5143349050750715,0.40415994540265526,0.14620713901642057,0.030729619059436657,0.0,0,0,0,0,0
Spring,0,0,0,0,0,0.0005745669168145794,0.2294160727676862,0.41318981748733535,0.4814796581731469,0.5041049164585099,0.5052769790188664,0.4950177225570117,0.49631252124279107,0.5945108628214744,0.588699779344724,0.5579968655081814,0.4368198935028083,0.19062134151933838,0.01371475045452829,0,0,0,0,0
Summer,0,0,0,0,0,0.0007600198535798484,0.2600029942219608,0.38305877307034525,0.4281258598272522,0.4482545843965968,0.4471041018143366,0.447523562638584,0.4434260642975447,0.535097136876406,0.5202561813149758,0.4960980702104589,0.41464916350609904,0.19799562465944093,0.03715869915892034,0,0,0,0,0
Fall,0,0,0,0,0,0.0,0.13472159219201024,0.3618731933954299,0.4399713994536198,0.45598750200875093,0.45157638644504966,0.4437519197557358,0.4374713943681741,0.5165297325665839,0.5129719547842856,0.4357809922314732,0.23336703288656,0.05009265681988774,0.0,0,0,0,0,0
Summer Peak,0,0,0,0,0,0.0003722546221615585,0.11924556396575257,0.297617570418166,0.3948380692393597,0.3264052611986599,0.16943789552053606,0.3246680729619059,0.38609008561856306,0.4660627869462713,0.4479463953344088,0.4228812507755305,0.3747983620796625,0.13823054969599208,0.01247052984241221,0,0,0,0,0
Winter Peak,0,0,0,0,0,0.0,0.0,0.15609877155974686,0.42226082640526125,0.45756297307358235,0.4307606402779501,0.41642883732473013,0.3564958431567192,0.5083136865616081,0.3935972204988212,0.29600446705546596,0.05844397567936469,0.0,0.0,0,0,0,0,0
