solar thermal,Hour0,Hour1,Hour2,Hour3,Hour4,Hour5,Hour6,Hour7,Hour8,Hour9,Hour10,Hour11,Hour12,Hour13,Hour14,Hour15,Hour16,Hour17,Hour18,Hour19,Hour20,Hour21,Hour22,Hour23
Winter,0,0,0,0,0,0.0,0.0,0.11691769135729838,0.40764840854268397,0.5046214037771372,0.49734953227040074,0.48276754721421433,0.47578690357121833,0.4904394893216449,0.4942519268106136,0.43855386244631406,0.19997940813084658,0.01090192386891804,0.0,0,0,0,0,0
Spring,0,0,0,0,0,0.010571718538565629,0.19813055245043237,0.490722627522504,0.6221061069600515,0.6684929693475317,0.6704822909925282,0.666047684885568,0.6598186444666707,0.6607599870565396,0.6621205212684592,0.6409734070718363,0.5565467435429783,0.2738681826204624,0.021621462611049008,0,0,0,0,0
Summer,0,0,0,0,0,0.03092094007123638,0.28455275068825525,0.505463269718321,0.5867396139548626,0.6149347518392358,0.6233687959808999,0.6319389358094973,0.6343886581742959,0.6299208311946866,0.6204096869021509,0.5982571975176147,0.5317569564338264,0.372956620471902,0.09389047019115607,0,0,0,0,0
Fall,0,0,0,0,0,0.0,0.0691175491914195,0.3820681470307682,0.5553417334013621,0.5841966325783624,0.5789114665365246,0.5691286408305419,0.5668271257126376,0.573082810177688,0.5654905831983853,0.5174915148960713,0.31749262405998346,0.055158721355841954,0.0,0,0,0,0,0
Summer Peak,0,0,0,0,0,0.0,0.14614343707713126,0.3068335588633288,0.38734776725304465,0.2618403247631935,0.27503382949932337,0.5294316644113667,0.6133288227334235,0.6464817320703653,0.6332882273342354,0.6133288227334235,0.5277401894451962,0.3125845737483085,0.019282814614343707,0,0,0,0,0
Winter Peak,0,0,0,0,0,0.0,0.0,0.03585926928281461,0.35757780784844384,0.47530446549391064,0.45703653585926923,0.47225981055480376,0.4468876860622462,0.45331529093369416,0.3900541271989174,0.2865358592692828,0.09269282814614342,0.0,0.0,0,0,0,0,0
