solar pv,Hour0,Hour1,Hour2,Hour3,Hour4,Hour5,Hour6,Hour7,Hour8,Hour9,Hour10,Hour11,Hour12,Hour13,Hour14,Hour15,Hour16,Hour17,Hour18,Hour19,Hour20,Hour21,Hour22,Hour23
Winter,0,0,0,0,0.0,0.0,0.00010925552347462648,0.135323479414547,0.48439745167301246,0.6013489668347806,0.59398885220272,0.5757564826937994,0.5654005953401018,0.5796808844523532,0.5859844904481434,0.516192482596201,0.22479559974299182,0.011496976758534184,0.0,0,0,0,0,0
Spring,0,0,0,0,3.7548540078671713e-07,0.02475049567825725,0.2690806697564065,0.6080524755105632,0.7424511987518982,0.7728476538386994,0.7772686725883341,0.7757985399627105,0.7702470419528503,0.766065475607375,0.7630369176461723,0.7463175182830277,0.6714643963546523,0.34497179425487084,0.035724002875477515,0,0,0,0,0
Summer,0,0,0,0,1.3613657880740095e-06,0.057186211976730864,0.3803947003815984,0.6286706094614234,0.7020398303495861,0.7294704434020856,0.7393010926520657,0.7455244061815228,0.738411610280283,0.7314711405983838,0.7183316350769147,0.6943436892081566,0.63240029793215,0.4580293639016694,0.1256557639464662,0,0,0,0,0
Fall,0,0,0,0,0.0,1.844539055480605e-05,0.09608964407854671,0.49428331501970313,0.6705528875174263,0.6975161652684357,0.6968407241906197,0.6898762948428081,0.6854441425553295,0.6838067905402476,0.6765462641335298,0.6399780346561195,0.39924279297937887,0.07112890471527007,0.0,0,0,0,0,0
Summer Peak,0,0,0,0,0.0,0.0005428446079945111,0.23665557433069798,0.5132546419078284,0.6082475133558861,0.5440092564262085,0.5575556968711624,0.7034377828432146,0.7245297633392922,0.705110731226034,0.727431514516572,0.6595265890074403,0.5174197405364409,0.28260983787292426,0.04070841064860656,0,0,0,0,0
Winter Peak,0,0,0,0,0.0,0.0,0.0,0.028514146772657133,0.47643003768187364,0.616982376593616,0.5931416284006934,0.5730168982970424,0.553133980791498,0.5738262302580523,0.5394592316210179,0.3754066561340951,0.09158775527063756,0.0,0.0,0,0,0,0,0
