solar pv dist,Hour0,Hour1,Hour2,Hour3,Hour4,Hour5,Hour6,Hour7,Hour8,Hour9,Hour10,Hour11,Hour12,Hour13,Hour14,Hour15,Hour16,Hour17,Hour18,Hour19,Hour20,Hour21,Hour22,Hour23
Winter,0,0,0,0,0,0.0,0.013877004914840015,0.18913987602302598,0.3946772984025419,0.4381409927868924,0.43298014102515714,0.41689334635325337,0.4166257546248589,0.5259607136498758,0.5140458682434438,0.4045053599270595,0.14917051959192262,0.03206568945332521,0.0,0,0,0,0,0
Spring,0,0,0,0,0,0.0005745669168145794,0.2294160727676862,0.41318981748733535,0.4814796581731469,0.5041049164585099,0.5052769790188664,0.4950177225570117,0.49631252124279107,0.5945108628214744,0.588699779344724,0.5579968655081814,0.4368198935028083,0.19062134151933838,0.01371475045452829,0,0,0,0,0
Summer,0,0,0,0,0,0.0007801658173270977,0.26389287053954097,0.3842159761414738,0.42863122973815226,0.4493448461276249,0.45013499578539307,0.4490111006043077,0.4435834570616416,0.5339094009267856,0.5197951030688898,0.4964828356388874,0.41400704288629975,0.19968394013689272,0.03820958363106569,0,0,0,0,0
Fall,0,0,0,0,0,0.0,0.13472159219201024,0.3618731933954299,0.4399713994536198,0.45598750200875093,0.45157638644504966,0.4437519197557358,0.4374713943681741,0.5165297325665839,0.5129719547842856,0.4357809922314732,0.23336703288656,0.05009265681988774,0.0,0,0,0,0,0
Summer Peak,0,0,0,0,0,0.0003722546221615585,0.11924556396575257,0.297617570418166,0.3948380692393597,0.3264052611986599,0.16943789552053606,0.3246680729619059,0.38609008561856306,0.4660627869462713,0.4479463953344088,0.4228812507755305,0.3747983620796625,0.13823054969599208,0.01247052984241221,0,0,0,0,0
Winter Peak,0,0,0,0,0,0.0,0.0,0.15609877155974686,0.42226082640526125,0.45756297307358235,0.4307606402779501,0.41642883732473013,0.3564958431567192,0.5083136865616081,0.3935972204988212,0.29600446705546596,0.05844397567936469,0.0,0.0,0,0,0,0,0
