petroleum,Hour0,Hour1,Hour2,Hour3,Hour4,Hour5,Hour6,Hour7,Hour8,Hour9,Hour10,Hour11,Hour12,Hour13,Hour14,Hour15,Hour16,Hour17,Hour18,Hour19,Hour20,Hour21,Hour22,Hour23
Winter,0.0,0.0,0.0,0.0,0.0,0.0,0.0,0.0,0.0,0.0,0.0,0.0,0.0,0.0,0.0,0.0,0.0,0.0,0.0084881241499325,0.0084881241499325,0.0,0.0,0.0,0.0
Spring,0.0,0.0,0.0,0.0,0.0,0.0,0.0,0.0,0.0,0.0,0.0,0.0,0.0,0.0,0.0,0.0,0.0,0.033978230185072615,0.17093534063830365,0.21431622700625394,0.14635976663610872,0.04996274569596462,0.0,0.0
Summer,0.1274697564176232,0.1274697564176232,0.1274697564176232,0.1274697564176232,0.1274697564176232,0.1274697564176232,0.1274697564176232,0.1274697564176232,0.1274697564176232,0.1274697564176232,0.1274697564176232,0.1274697564176232,0.1274697564176232,0.1274697564176232,0.1274697564176232,0.1274697564176232,0.1274697564176232,0.24337942202620913,0.95,0.95,0.95,0.5005116365585975,0.2681899202270447,0.14895195323568478
Fall,0.028712904977297584,0.028712904977297584,0.028712904977297584,0.028712904977297584,0.028712904977297584,0.028712904977297584,0.028712904977297584,0.028712904977297584,0.028712904977297584,0.028712904977297584,0.028712904977297584,0.028712904977297584,0.028712904977297584,0.028712904977297584,0.028712904977297584,0.028712904977297584,0.028712904977297584,0.3861650612478294,0.7309438323737159,0.5632416587488394,0.292465604766157,0.08511618621291961,0.06276236494777629,0.028712904977297584
Summer Peak,0.0,0.0,0.0,0.0,0.0,0.0,0.0,0.0,0.0,0.0,0.0,0.0,0.0,0.0,0.0,0.0,0.0,0.0,0.95,0.95,0.95,0.95,0.0,0.0
Winter Peak,0.0,0.0,0.0,0.0,0.0,0.0,0.0,0.0,0.0,0.0,0.0,0.0,0.0,0.0,0.0,0.0,0.0,0.0,0.0,0.0,0.0,0.0,0.0,0.0
