pumped hydro,Hour0,Hour1,Hour2,Hour3,Hour4,Hour5,Hour6,Hour7,Hour8,Hour9,Hour10,Hour11,Hour12,Hour13,Hour14,Hour15,Hour16,Hour17,Hour18,Hour19,Hour20,Hour21,Hour22,Hour23
Winter,0.012729234088457386,0.003401910926182771,0.0,0.0,0.0008052088149175527,0.017548928956695947,0.10880335953151482,0.022037293881954075,0,0,0,0,0,0,0,0,0.019024503005085524,0.3334065341346896,0.42544305748189293,0.4112151333025123,0.393203883495146,0.34879411311450176,0.27075820619509955,0.09326937894899058
Spring,0.18720476793503382,0.12785181611690685,0.07990612876640735,0.08396651188968621,0.13565599308528814,0.23475848760779103,0.08633841886269072,0.0,0,0,0,0,0,0,0,0,0.008975054774970351,0.1149520593378761,0.7162757040342529,0.7727291000824146,0.739160586142436,0.701808076544253,0.636193692335525,0.3461175098996967
Summer,0.0430963436450984,0.026121128062875632,0.008975054774970351,0.0,0.007462461557016221,0.0,0.0,0.0,0,0,0,0,0,0,0,0,0.0,0.04930249854268427,0.5482522261754008,0.7750105529759402,0.7411656515708867,0.7020643631027769,0.5278598564795276,0.16800840217893823
Fall,0.048771060230554095,0.027072296370402368,0.013536148185201184,0.0,0.007359238459031551,0.013536148185201184,0.02174423804218488,0.0,0,0,0,0,0,0,0,0,0.049013589201397575,0.6537595779995912,0.7540983606557383,0.7250858325185883,0.7107842022691624,0.668076366309695,0.38092964386136435,0.14714687402893672
Summer Peak,0.0,0.0,0.0,0.0,0.0,0.0,0.0,0.0,0,0,0,0,0,0,0,0,0.0,0.0,0.0,0.8257050392972722,0.33795654184003693,0.0,0.0,0.0
Winter Peak,0.0,0.0,0.0,0.0,0.0,0.0,0.0,0.0,0,0,0,0,0,0,0,0,0.0,0.0,0.0,0.0,0.0,0.0,0.0,0.0
